City_ID,City,Country,Date,Lat,Lng,Max Temp,Humidity,Cloudiness,Wind Speed
0,Qaanaaq,GL,17-01-22 16:16,77.484,-69.3632,-13.29,57,2,8.99
1,Pevek,RU,17-01-22 16:12,69.7008,170.3133,-29.4,100,18,3.29
2,Brotas,BR,17-01-22 16:16,-22.2842,-48.1267,78.4,70,30,6.13
3,Ushuaia,AR,17-01-22 16:16,-54.8,-68.3,47.82,65,75,26.46
4,Mataura,NZ,17-01-22 16:16,-46.1927,168.8643,57.47,91,3,1.88
5,Iqaluit,CA,17-01-22 16:16,63.7506,-68.5145,-6.07,83,100,4
6,Muros,ES,17-01-22 16:16,42.7762,-9.0603,62.1,70,100,2.64
7,Puerto Ayora,EC,17-01-22 16:16,-0.7393,-90.3518,82.36,76,78,7.2
8,Labuan,MY,17-01-22 16:16,5.2767,115.2417,77.36,94,20,0
9,San Rafael,AR,17-01-22 16:16,-34.6177,-68.3301,72.18,29,0,20.71
10,Rikitea,PF,17-01-22 16:16,-23.1203,-134.9692,77.14,68,80,11.81
11,Punta Arenas,CL,17-01-22 16:16,-53.15,-70.9167,51.91,50,75,23.02
12,Los Llanos De Aridane,ES,17-01-22 16:16,28.6585,-17.9182,66.13,71,75,10
13,Longyearbyen,SJ,17-01-22 16:13,78.2186,15.6401,4.84,61,20,6.91
14,Balkanabat,TM,17-01-22 16:16,39.5108,54.3671,38.73,82,100,4.99
15,Synya,RU,17-01-22 16:16,65.3718,58.0387,-5.03,99,48,5.1
16,Querfurt,DE,17-01-22 16:16,51.3833,11.6,44.22,77,100,15.41
17,Tiksi,RU,17-01-22 16:16,71.6872,128.8694,-23.73,98,78,7.74
18,Rio Cuarto,AR,17-01-22 16:16,-33.1307,-64.3499,64.17,88,75,10.36
19,Siguiri,GN,17-01-22 16:16,11.6667,-9.5,94.93,11,2,6.98
20,King City,US,17-01-22 16:16,36.2127,-121.126,50.88,65,91,1.21
21,Torbay,CA,17-01-22 16:15,47.6666,-52.7314,29.57,70,20,9.22
22,Atuona,PF,17-01-22 16:16,-9.8,-139.0333,78.42,77,98,17.43
23,Georgetown,MY,17-01-22 16:16,5.4112,100.3354,82.33,72,40,5.75
24,Marawi,PH,17-01-22 16:16,7.9986,124.2928,64.65,97,99,0.96
25,Flin Flon,CA,17-01-22 16:15,54.7682,-101.865,-20.36,76,75,3.44
26,Pacific Grove,US,17-01-22 16:12,36.6177,-121.9166,57.63,76,100,1.01
27,Santiago,CL,17-01-22 16:16,-33.4569,-70.6483,71.17,50,75,2.3
28,Tuatapere,NZ,17-01-22 16:16,-46.1333,167.6833,57.81,92,27,4.43
29,Barrow,US,17-01-22 16:15,71.2906,-156.7887,-16.58,76,100,6.91
30,Eyl,SO,17-01-22 16:16,7.9803,49.8164,77.36,73,12,16.2
31,Liling,CN,17-01-22 16:16,27.6667,113.5,46.29,96,100,2.73
32,New Norfolk,AU,17-01-22 16:16,-42.7826,147.0587,56.7,57,41,1.01
33,Cape Town,ZA,17-01-22 16:14,-33.9258,18.4232,77.88,63,0,5.01
34,Tilichiki,RU,17-01-22 16:16,60.4667,166.1,-17.79,90,8,10.02
35,Tuktoyaktuk,CA,17-01-22 16:16,69.4541,-133.0374,-31,68,0,8.05
36,Waki,JP,17-01-22 16:16,34.0667,134.15,38.62,73,81,10.07
37,Bluff,NZ,17-01-22 16:17,-46.6,168.3333,57.79,87,12,3.31
38,Saint George,US,17-01-22 16:15,37.1041,-113.5841,36.07,80,0,0
39,Coquimbo,CL,17-01-22 16:16,-29.9533,-71.3436,69.53,60,0,13.8
40,Port Alfred,ZA,17-01-22 16:15,-33.5906,26.891,74.53,89,85,6.4
41,Lavrentiya,RU,17-01-22 16:12,65.5833,-171,-18.96,94,14,6.46
42,Busselton,AU,17-01-22 16:17,-33.65,115.3333,68.04,56,50,14.45
43,Khatanga,RU,17-01-22 16:18,71.9667,102.5,-16.19,93,11,8.68
44,Beringovskiy,RU,17-01-22 16:18,63.05,179.3167,-17.39,93,32,14.16
45,Hermanus,ZA,17-01-22 16:18,-34.4187,19.2345,81.81,66,10,12.41
46,Bredasdorp,ZA,17-01-22 16:18,-34.5322,20.0403,81.28,64,11,13.8
47,Carnarvon,AU,17-01-22 16:16,-24.8667,113.6333,77.07,78,10,17.27
48,Celestun,MX,17-01-22 16:18,20.8667,-90.4,72.46,50,12,7.31
49,Kodiak,US,17-01-22 16:18,57.79,-152.4072,20.71,79,0,5.75
50,Leningradskiy,RU,17-01-22 16:18,69.3833,178.4167,-25.65,92,13,4.85
51,Tarancon,ES,17-01-22 16:18,40.0085,-3.0073,51.1,40,0,1.74
52,Avarua,CK,17-01-22 16:15,-21.2078,-159.775,78.85,83,20,12.66
53,Tres Arroyos,AR,17-01-22 16:18,-38.3739,-60.2798,72.84,25,100,19.04
54,Pochutla,MX,17-01-22 16:18,15.7432,-96.4661,80.82,52,0,4.38
55,Guadalupe Y Calvo,MX,17-01-22 16:18,26.1,-106.9667,54.66,44,51,1.25
56,Dikson,RU,17-01-22 16:18,73.5069,80.5464,9.93,88,100,8.16
57,Paralimni,CY,17-01-22 16:18,35.0375,33.9833,50.88,60,0,1.99
58,Kruisfontein,ZA,17-01-22 16:18,-34.0033,24.7314,72.88,75,8,14.32
59,Airai,TL,17-01-22 16:18,-8.9266,125.4092,61.5,92,100,0.87
60,Olafsvik,IS,17-01-22 16:18,64.8945,-23.7142,43,90,100,33.82
61,Labuhan,ID,17-01-22 16:18,-6.8844,112.2051,79.34,86,100,9.66
62,Yar-Sale,RU,17-01-22 16:18,66.8333,70.8333,12,96,100,7.36
63,Antofagasta,CL,17-01-22 16:18,-23.65,-70.4,72.21,49,27,12.24
64,Hasaki,JP,17-01-22 16:18,35.7333,140.8333,37.8,74,79,7.74
65,Trinidad,BO,17-01-22 16:18,-14.8333,-64.9,91.38,62,40,9.22
66,Hobart,AU,17-01-22 16:16,-42.8794,147.3294,57.06,67,40,8.05
67,Vaini,TO,17-01-22 16:18,-21.2,-175.2,80.78,76,68,16.64
68,East London,ZA,17-01-22 16:18,-33.0153,27.9116,77.94,83,0,6.91
69,Sitka,US,17-01-22 16:18,57.0531,-135.33,33.69,75,20,4.61
70,Isangel,VU,17-01-22 16:18,-19.55,169.2667,76.95,75,62,10.04
71,Anadyr,RU,17-01-22 16:18,64.75,177.4833,-28.52,74,0,8.95
72,Codrington,AU,17-01-22 16:18,-38.2667,141.9667,57.04,66,16,8.95
73,Jamestown,US,17-01-22 16:18,42.097,-79.2353,30.09,70,100,5.99
74,Boat Of Garten,GB,17-01-22 16:18,57.2491,-3.759,44.02,84,11,6.44
75,Mapiri,BO,17-01-22 16:18,-15.25,-68.1667,86.9,52,49,2.48
76,Meulaboh,ID,17-01-22 16:18,4.1363,96.1285,77.22,88,78,3.47
77,Sarangarh,IN,17-01-22 16:18,21.6,83.0833,66.2,44,0,1.99
78,Alizai,PK,17-01-22 16:18,33.5383,70.3462,51.53,57,83,1.16
79,Norman Wells,CA,17-01-22 16:18,65.282,-126.8329,-47.16,59,20,2.3
80,Saskylakh,RU,17-01-22 16:18,71.9167,114.0833,-14.01,94,97,14.16
81,Butaritari,KI,17-01-22 16:15,3.0707,172.7902,82.04,77,63,15.41
82,Tasiilaq,GL,17-01-22 16:18,65.6145,-37.6368,11.68,97,99,2.37
83,Kemijarvi,FI,17-01-22 16:18,66.7131,27.4306,18.95,73,66,16.13
84,Otane,NZ,17-01-22 16:18,-39.8833,176.6333,57,94,20,5.26
85,Beyneu,KZ,17-01-22 16:18,45.3167,55.2,24.51,84,44,4.99
86,Maceio,BR,17-01-22 16:16,-9.6658,-35.7353,89.04,48,20,11.5
87,Castro,BR,17-01-22 16:18,-24.7911,-50.0119,75.31,73,76,9.46
88,Pilar,BR,17-01-22 16:18,-9.5972,-35.9567,87.73,43,54,12.77
89,Upernavik,GL,17-01-22 16:19,72.7868,-56.1549,-2.18,96,100,7.87
90,Bengkulu,ID,17-01-22 16:19,-3.8004,102.2655,76.95,89,100,3.69
91,Hilo,US,17-01-22 16:18,19.7297,-155.09,67.24,80,0,8.05
92,Juneau,US,17-01-22 16:17,58.3019,-134.4197,33.22,95,75,3.44
93,Deputatskiy,RU,17-01-22 16:19,69.3,139.9,-35.81,97,20,5.64
94,Rincon,US,17-01-22 16:19,32.296,-81.2354,49.86,53,20,23.02
95,Ponta Do Sol,PT,17-01-22 16:19,32.6667,-17.1,65.03,83,99,14.25
96,Ilulissat,GL,17-01-22 16:19,69.2167,-51.1,-15.47,96,39,8.43
97,Flinders,AU,17-01-22 16:19,-34.5833,150.8552,75.2,85,100,1.99
98,Waipawa,NZ,17-01-22 16:19,-41.4122,175.5153,58.46,86,66,4.65
99,Grindavik,IS,17-01-22 16:19,63.8424,-22.4338,43.9,100,100,33.38
100,Albany,US,17-01-22 16:17,42.6001,-73.9662,39.22,92,100,1.01
101,Atikokan,CA,17-01-22 16:19,48.7555,-91.6216,13.08,92,100,4.32
102,Port Lincoln,AU,17-01-22 16:19,-34.7333,135.8667,60.12,71,86,15.84
103,Blind River,CA,17-01-22 16:19,46.1834,-82.9582,21.45,78,100,8.48
104,Laguna,US,17-01-22 16:19,38.421,-121.4238,51.62,97,100,0
105,Chokurdakh,RU,17-01-22 16:19,70.6333,147.9167,-43.67,100,80,5.73
106,Soyo,AO,17-01-22 16:19,-6.1349,12.3689,80.42,69,88,8.5
107,Lebu,CL,17-01-22 16:19,-37.6167,-73.65,57.9,52,9,13.24
108,Cherskiy,RU,17-01-22 16:19,68.75,161.3,-44.37,100,50,4
109,Namibe,AO,17-01-22 16:19,-15.1961,12.1522,74.53,64,96,12.12
110,Kadipur,IN,17-01-22 16:19,26.1667,82.3833,52.23,50,69,3.29
111,Monrovia,LR,17-01-22 16:19,6.3005,-10.7969,89.37,64,14,11.65
112,Santa Cruz,BO,17-01-22 16:14,-17.8,-63.1667,85.46,66,75,20.71
113,Tarko-Sale,RU,17-01-22 16:16,64.9225,77.785,12.9,90,100,24.27
114,Teya,RU,17-01-22 16:19,60.3778,92.6267,22.24,94,100,5.99
115,Nikolskoye,RU,17-01-22 16:19,59.7035,30.7861,26.49,85,100,12.64
116,Chigorodo,CO,17-01-22 16:19,7.6664,-76.6811,84,74,40,13.8
117,Opuwo,NA,17-01-22 16:19,-18.0607,13.84,82.18,21,79,19.66
118,Sioux Lookout,CA,17-01-22 16:19,50.1001,-91.917,14.38,79,100,8.05
119,Kulhudhuffushi,MV,17-01-22 16:19,6.6221,73.07,81.73,74,58,13.24
120,Novyy Urengoy,RU,17-01-22 16:19,66.0833,76.6333,15.75,92,100,18.59
121,Paamiut,GL,17-01-22 16:19,61.994,-49.6678,13.59,94,95,8.16
122,Adrar,MR,17-01-22 16:19,20.5022,-10.0711,74.53,9,18,15.86
123,Tucuman,AR,17-01-22 16:19,-26.8241,-65.2226,89.6,51,20,12.66
124,Sergeyevka,KZ,17-01-22 16:19,53.88,67.4158,10.58,90,67,14.94
125,Cabo San Lucas,MX,17-01-22 16:19,22.8909,-109.9124,77.14,59,0,4.61
126,Kant,IN,17-01-22 16:19,27.8,79.8,51.58,57,75,4.32
127,Thompson,CA,17-01-22 16:19,55.7435,-97.8558,-25.44,68,20,5.75
128,Turukhansk,RU,17-01-22 16:19,65.8167,87.9833,15.76,92,100,18.43
129,Conde,BR,17-01-22 16:15,-7.2597,-34.9075,85.46,70,75,17.27
130,Rocha,UY,17-01-22 16:19,-34.4833,-54.3333,74.71,86,99,10.94
131,Naze,JP,17-01-22 16:19,28.3667,129.4833,53.53,69,100,12.95
132,Kaitangata,NZ,17-01-22 16:19,-46.2817,169.8464,54.97,97,15,2.93
133,Stende,LV,17-01-22 16:20,57.15,22.5333,34.54,56,8,17.36
134,Xuddur,SO,17-01-22 16:20,4.1213,43.8894,84.56,34,62,11.18
135,Saldanha,ZA,17-01-22 16:20,-33.0117,17.9442,69.04,85,50,15.3
136,Sao Filipe,CV,17-01-22 16:20,14.8961,-24.4956,72.95,73,0,7.38
137,Nizhniy Tsasuchey,RU,17-01-22 16:20,50.5167,115.1333,-6.57,98,99,3.76
138,Severo-Kurilsk,RU,17-01-22 16:20,50.6789,156.125,25.57,65,100,10.2
139,Sorland,NO,17-01-22 16:20,67.667,12.6934,30.27,63,100,20.56
140,Barra Do Garcas,BR,17-01-22 16:20,-15.89,-52.2567,89.37,48,10,4.25
141,Yellowknife,CA,17-01-22 16:18,62.456,-114.3525,-17.88,69,40,5.75
142,Inirida,CO,17-01-22 16:20,3.8653,-67.9239,89.64,54,100,2.26
143,Lorengau,PG,17-01-22 16:20,-2.0226,147.2712,80.6,81,91,7.67
144,Salalah,OM,17-01-22 16:20,17.0151,54.0924,75.29,73,40,3.44
145,Luba,GQ,17-01-22 16:20,3.4568,8.5547,80.74,78,100,10
146,Mazatlan,MX,17-01-22 16:18,23.2167,-106.4167,76.01,89,0,0
147,Saint-Dizier,FR,17-01-22 16:20,48.4167,5.0833,38.46,90,100,3.78
148,Dongsheng,CN,17-01-22 16:20,39.8161,109.9776,17.15,29,0,8.93
149,Hami,CN,17-01-22 16:20,42.8,93.45,26.96,43,1,2.57
150,Teeli,RU,17-01-22 16:20,51.0333,90.2333,4.32,93,100,1.43
151,Kyzyl-Suu,KG,17-01-22 16:20,42.3414,78.0056,31.23,66,100,4.52
152,Nemuro,JP,17-01-22 16:20,43.3236,145.575,31.05,94,100,15.55
153,Berlevag,NO,17-01-22 16:20,70.8578,29.0864,26.55,68,40,25.32
154,Eydhafushi,MV,17-01-22 16:20,5.1033,73.0708,82.45,74,78,18.43
155,La Ronge,CA,17-01-22 16:20,55.1001,-105.2842,-5.55,77,100,9.22
156,Oranjemund,NA,17-01-22 16:20,-28.55,16.4333,71.15,72,0,12.5
157,Zeya,RU,17-01-22 16:20,53.75,127.2667,-9.69,86,93,3.78
158,Faanui,PF,17-01-22 16:20,-16.4833,-151.75,77.02,88,100,12.71
159,Kapaa,US,17-01-22 16:20,22.0752,-159.319,66.52,78,75,1.01
160,Narodychi,UA,17-01-22 16:20,51.2029,29.0823,32.23,67,100,19.66
161,Puurmani,EE,17-01-22 16:20,58.5738,26.2878,26.82,63,56,16.67
162,Mar Del Plata,AR,17-01-22 16:19,-38.0023,-57.5575,70,49,0,18.01
163,Korla,CN,17-01-22 16:20,41.7597,86.1469,24.35,52,0,2.98
164,Kailaras,IN,17-01-22 16:20,26.3167,77.6167,53.22,44,15,4.07
165,Namatanai,PG,17-01-22 16:20,-3.6667,152.4333,79,81,95,1.21
166,Williston,US,17-01-22 16:17,48.147,-103.618,28.81,98,73,1.39
167,Vao,NC,17-01-22 16:20,-22.6667,167.4833,76.1,65,68,13.62
168,Hirara,JP,17-01-22 16:20,24.8,125.2833,65.82,83,100,30.47
169,San Carlos De Bariloche,AR,17-01-22 16:16,-41.1456,-71.3082,44.35,49,75,11.5
170,Bubaque,GW,17-01-22 16:20,11.2833,-15.8333,79.14,66,0,9.57
171,Souillac,MU,17-01-22 16:20,-20.5167,57.5167,82.78,83,75,1.14
172,Ushtobe,KZ,17-01-22 16:20,45.2514,77.9838,33.1,95,100,2.37
173,Arraial Do Cabo,BR,17-01-22 16:20,-22.9661,-42.0278,87.76,62,0,19.57
174,Altay,CN,17-01-22 16:20,47.8667,88.1167,28.06,66,65,6.08
175,Kahului,US,17-01-22 16:20,20.8947,-156.47,69.84,80,0,6.91
176,Havelock,US,17-01-22 16:20,34.8791,-76.9013,48.15,70,40,15.99
177,Mandurah,AU,17-01-22 16:20,-32.55,115.7,81.21,51,9,17.81
178,Pathein,MM,17-01-22 16:20,16.7833,94.7333,71.1,80,12,7.27
179,Jeremie,HT,17-01-22 16:20,18.65,-74.1167,80.98,64,1,2.06
180,Gao,ML,17-01-22 16:17,16.6362,1.637,76.51,7,3,18.03
181,Erenhot,CN,17-01-22 16:20,43.6475,111.9767,17.51,33,27,13.96
182,Rundu,NA,17-01-22 16:21,-17.9333,19.7667,78.64,51,99,0.92
183,Aksarka,RU,17-01-22 16:21,66.5606,67.7975,8.04,95,100,13.76
184,Abengourou,CI,17-01-22 16:21,6.7297,-3.4964,97.93,10,89,3.47
185,Port Elizabeth,ZA,17-01-22 16:18,-33.918,25.5701,75.09,78,75,6.91
186,Cabedelo,BR,17-01-22 16:20,-6.9811,-34.8339,86.67,63,82,13.6
187,Saint-Philippe,RE,17-01-22 16:21,-21.3585,55.7679,81.99,87,98,1.81
188,Hithadhoo,MV,17-01-22 16:21,-0.6,73.0833,83.61,75,100,13.42
189,Bethel,US,17-01-22 16:21,41.3712,-73.414,41.31,88,75,1.01
190,Takoradi,GH,17-01-22 16:21,4.8845,-1.7554,83.82,66,57,11.16
191,Malakal,SS,17-01-22 16:21,9.5334,31.6605,85.66,18,42,5.68
192,Nenjiang,CN,17-01-22 16:21,49.1833,125.2167,-21.5,98,17,2.77
193,Aklavik,CA,17-01-22 16:21,68.2191,-135.0107,-21.17,68,40,9.22
194,Srandakan,ID,17-01-22 16:21,-7.9386,110.2506,78.26,87,96,6.69
195,Yaan,NG,17-01-22 16:21,7.3833,8.5667,93.83,12,90,4.36
196,Ixtapa,MX,17-01-22 16:21,20.7,-105.2,77.23,73,0,3.44
197,Chase,CA,17-01-22 16:21,50.8165,-119.6857,37.15,99,99,2.24
198,Rudbar,AF,17-01-22 16:21,30.15,62.6,63.34,65,32,4.09
199,Lasa,IT,17-01-22 16:21,46.6166,10.7002,45.48,89,13,10.04
200,Mahwa,IN,17-01-22 16:21,27.0471,76.9288,51.21,45,4,2.48
201,Manggar,ID,17-01-22 16:21,-2.8833,108.2667,79.32,87,99,11.03
202,Ostrovnoy,RU,17-01-22 16:21,68.0531,39.5131,20.25,92,100,19.3
203,Ravar,IR,17-01-22 16:17,31.2656,56.8055,55.35,44,0,12.46
204,Morgaushi,RU,17-01-22 16:21,55.9643,46.7743,23.16,89,100,18.57
205,Northam,GB,17-01-22 16:21,51.0333,-4.2167,47.82,89,0,2.08
206,Fukue,JP,17-01-22 16:21,32.6881,128.8419,47.71,59,100,26.13
207,Grootfontein,NA,17-01-22 16:21,-19.5667,18.1167,81.97,47,40,3.44
208,Salo,IT,17-01-22 16:21,45.6086,10.531,49.87,61,0,4.52
209,Husavik,IS,17-01-22 16:21,66.0449,-17.3389,42.71,75,100,21.92
210,Byron Bay,AU,17-01-22 16:21,-28.65,153.6167,75.87,86,79,8.05
211,Rosa Zarate,EC,17-01-22 16:21,0.3333,-79.4667,78.58,77,89,1.5
212,Richards Bay,ZA,17-01-22 16:21,-28.783,32.0377,77.92,73,57,7.14
213,Gamba,GA,17-01-22 16:21,-2.65,10,78.82,79,75,8.55
214,Rio Gallegos,AR,17-01-22 16:21,-51.6226,-69.2181,53.65,32,75,14.97
215,Amahai,ID,17-01-22 16:21,-3.3333,128.9167,78.04,85,100,4.88
216,Luanda,AO,17-01-22 16:21,-8.8368,13.2343,82.4,65,0,8.05
217,Ribeira Grande,PT,17-01-22 16:21,38.5167,-28.7,59.4,67,75,3.44
218,Chuy,UY,17-01-22 16:21,-33.6971,-53.4616,76.82,82,72,9.44
219,Cidreira,BR,17-01-22 16:21,-30.1811,-50.2056,88.16,58,85,7.94
220,Port Shepstone,ZA,17-01-22 16:21,-30.7414,30.455,77.23,81,2,13.65
221,Victoria,HK,17-01-22 16:18,22.2855,114.1577,65.32,84,78,1.01
222,Ukiah,US,17-01-22 16:21,39.1502,-123.2078,50.38,65,49,2.71
223,Rabo De Peixe,PT,17-01-22 16:21,37.8,-25.5833,66.27,97,75,9.22
224,Yerbogachen,RU,17-01-22 16:21,61.2767,108.0108,-9.83,88,99,5.28
225,Kavieng,PG,17-01-22 16:21,-2.5744,150.7967,81.72,77,69,6.6
226,Pitimbu,BR,17-01-22 16:21,-7.4706,-34.8086,86.59,64,47,12.84
227,Longido,TZ,17-01-22 16:22,-2.7333,36.6833,65.23,78,100,6.73
228,Tadine,NC,17-01-22 16:22,-21.55,167.8833,75.29,73,9,12.5
229,Olinda,BR,17-01-22 16:21,-8.0089,-34.8553,85.73,62,20,13.8
230,Gizo,SB,17-01-22 16:22,-8.103,156.8419,81.64,77,98,3.04
231,Clyde River,CA,17-01-22 16:22,70.4692,-68.5914,-21.77,76,20,8.05
232,Nishihara,JP,17-01-22 16:22,26.1842,127.7558,58.28,73,100,13.8
233,Awjilah,LY,17-01-22 16:22,29.1081,21.2869,54.43,41,4,7.16
234,Hailar,CN,17-01-22 16:22,49.2,119.7,-30.62,100,79,3.6
235,Dukstas,LT,17-01-22 16:22,55.5333,26.3333,28.29,90,98,22.62
236,Maniitsoq,GL,17-01-22 16:22,65.4167,-52.9,9.32,81,60,12.03
237,Broome,US,17-01-22 16:22,42.2506,-75.833,36.54,87,100,3
238,Shelburne,CA,17-01-22 16:22,44.0787,-80.2041,21.6,90,100,17.6
239,Nhulunbuy,AU,17-01-22 16:22,-12.2333,136.7667,81.21,94,74,0
240,Aitape,PG,17-01-22 16:22,-3.1374,142.3475,78.06,90,100,11.72
241,Palana,RU,17-01-22 16:22,59.1167,159.9667,-3.44,76,1,7.56
242,Kloulklubed,PW,17-01-22 16:22,7.0419,134.2556,77.5,77,100,11.01
243,Fortuna,US,17-01-22 16:22,40.5982,-124.1573,42.66,100,100,4.61
244,Shahpura,IN,17-01-22 16:22,27.3833,75.9667,47.53,46,5,3.15
245,Zhicheng,CN,17-01-22 16:22,30.2956,111.5047,45.77,56,1,2.17
246,Brora,GB,17-01-22 16:22,58.0099,-3.8518,46.44,86,39,5.55
247,Santa Rosa,PH,17-01-22 16:22,14.3122,121.1114,76.1,72,87,11.32
248,Barreirinhas,BR,17-01-22 16:22,-2.7469,-42.8264,87.03,62,53,9.13
249,Robertsport,LR,17-01-22 16:22,6.7533,-11.3686,84.09,69,47,12.88
250,Arman,RU,17-01-22 16:22,59.7,150.1667,-5.06,76,3,9.6
251,Seymchan,RU,17-01-22 16:22,62.8833,152.4333,-45.63,100,86,0.25
252,Hargeysa,SO,17-01-22 16:22,9.56,44.065,65.3,72,28,12.21
253,Buchanan,LR,17-01-22 16:22,5.8808,-10.0467,89.56,62,53,12.03
254,Esperance,AU,17-01-22 16:22,-33.8667,121.9,60.26,75,7,15.21
255,Poum,NC,17-01-22 16:22,-20.2333,164.0167,80.71,74,24,17.09
256,Goderich,CA,17-01-22 16:21,43.7501,-81.7165,28.9,68,100,21.85
257,Lagoa,PT,17-01-22 16:22,39.05,-27.9833,58.01,79,100,11.23
258,Rock Sound,BS,17-01-22 16:22,24.9,-76.2,73.2,65,95,22.5
259,Humaita,BR,17-01-22 16:22,-7.5061,-63.0208,79.38,84,100,2.77
260,Bedele,ET,17-01-22 16:22,8.456,36.353,63.37,57,100,4.25
261,Klaksvik,FO,17-01-22 16:22,62.2266,-6.589,45.52,80,100,25.26
262,Virden,US,17-01-22 16:22,39.5009,-89.7679,30.85,81,30,14.7
263,Hobyo,SO,17-01-22 16:22,5.3505,48.5268,78.26,76,99,14.27
264,Valparaiso,CL,17-01-22 16:22,-33.0393,-71.6273,71.83,45,20,16.11
265,Burhar,IN,17-01-22 16:22,23.2167,81.5333,56.8,44,0,1.83
266,Tura,IN,17-01-22 16:22,25.5198,90.2201,59.11,58,34,4.14
267,Lompoc,US,17-01-22 16:22,34.6391,-120.4579,62.13,85,0,0
268,Palasa,IN,17-01-22 16:22,18.7667,84.4167,67.33,80,44,5.28
269,Hebi,CN,17-01-22 16:23,35.8992,114.1925,32.11,39,0,5.35
270,Saint Anthony,US,17-01-22 16:23,45.0205,-93.218,23.31,81,100,3
271,Bahia De Caraquez,EC,17-01-22 16:23,-0.6,-80.4167,82.58,70,98,3.02
272,Mahon,ES,17-01-22 16:23,39.8885,4.2658,54.16,50,0,8.05
273,Sandwick,GB,17-01-22 16:23,60,-1.25,46.22,93,75,23.02
274,Hofn,IS,17-01-22 16:23,64.2539,-15.2082,41.02,87,40,8.05
275,Manati,PR,17-01-22 16:23,18.4275,-66.4921,85.62,71,30,8.08
276,Kurmanayevka,RU,17-01-22 16:20,52.5093,52.0675,11.35,92,63,14.99
277,Champerico,GT,17-01-22 16:24,14.3,-91.9167,88.75,61,0,5.95
278,Mahebourg,MU,17-01-22 16:24,-20.4081,57.7,82.69,83,75,1.14
279,Mayo,US,17-01-22 16:24,38.8876,-76.5119,42.42,65,100,5.01
280,Bathsheba,BB,17-01-22 16:24,13.2167,-59.5167,81.21,78,75,20.71
281,Neiafu,TO,17-01-22 16:24,-18.65,-173.9833,80.92,74,100,15.95
282,Gewane,ET,17-01-22 16:24,10.1664,40.6453,84.16,45,62,13.02
283,Pisco,PE,17-01-22 16:24,-13.7,-76.2167,73.02,94,40,8.05
284,Ambilobe,MG,17-01-22 16:24,-13.2,49.05,79.07,79,99,4.79
285,Okhotsk,RU,17-01-22 16:24,59.3833,143.3,-1.25,77,100,10.8
286,Nanortalik,GL,17-01-22 16:24,60.1432,-45.2371,26.87,78,100,23.64
287,Vardo,NO,17-01-22 16:24,70.3705,31.1107,20.95,77,100,34.54
288,Kulpahar,IN,17-01-22 16:24,25.3167,79.65,53.49,55,40,3.96
289,Pontianak,ID,17-01-22 16:24,-0.0333,109.3333,76.98,94,40,3.44
290,Pasighat,IN,17-01-22 16:21,28.0667,95.3333,56.08,43,0,5.21
291,Derzhavinsk,KZ,17-01-22 16:24,51.1,66.3167,19.87,87,100,15.88
292,Sirur,IN,17-01-22 16:24,18.8333,74.3833,76.59,40,63,2.26
293,Mineiros,BR,17-01-22 16:24,-17.5694,-52.5511,82.96,54,57,9.57
294,Evensk,RU,17-01-22 16:24,61.95,159.2333,6.73,57,0,12.64
295,Fuerte Olimpo,PY,17-01-22 16:24,-21.0415,-57.8738,101.95,25,80,14.63
296,Henties Bay,NA,17-01-22 16:24,-22.116,14.2845,72.86,76,52,10.02
297,Sola,VU,17-01-22 16:24,-13.8833,167.55,80.87,79,78,11.88
298,Taraz,KZ,17-01-22 16:24,42.9,71.3667,30.61,100,100,4.47
299,Calabozo,VE,17-01-22 16:24,8.9242,-67.4293,90.82,42,74,9.24
300,Progreso,MX,17-01-22 16:24,21.2833,-89.6667,69.91,59,100,8.3
301,Ketou,BJ,17-01-22 16:24,7.3633,2.5998,97.47,16,65,2.39
302,Vila Franca Do Campo,PT,17-01-22 16:24,37.7167,-25.4333,67.19,85,59,10.58
303,Merced,US,17-01-22 16:24,37.1666,-120.7516,46.89,98,100,4.05
304,Isla Vista,US,17-01-22 16:24,34.4133,-119.861,62.35,64,75,4.61
305,Mezokeresztes,HU,17-01-22 16:24,47.8333,20.7,39.4,74,81,24.45
306,Quimper,FR,17-01-22 16:24,48,-4.1,50.68,87,75,0
307,Saint-Denis,FR,17-01-22 16:24,48.9167,2.3333,46.08,86,100,4.61
308,Bolgatanga,GH,17-01-22 16:24,10.7856,-0.8514,91.26,8,86,9.22
309,Farafangana,MG,17-01-22 16:24,-22.8167,47.8333,77.29,82,76,10.45
310,Gimli,CA,17-01-22 16:24,50.6336,-96.9907,10.13,85,99,11.5
311,Fairbanks,US,17-01-22 16:24,64.8378,-147.7164,-5.03,81,20,0
312,Hoquiam,US,17-01-22 16:24,46.9809,-123.8893,43,96,100,3.44
313,Boa Vista,BR,17-01-22 16:24,2.8197,-60.6733,89.58,48,75,13.8
314,Aktas,KZ,17-01-22 16:24,49.7789,72.9608,13.75,92,54,7.99
315,Khandyga,RU,17-01-22 16:24,62.6667,135.6,-38.07,98,85,0.56
316,Ormara,PK,17-01-22 16:24,25.2088,64.6357,71.01,49,13,2.66
317,Glendive,US,17-01-22 16:24,47.1053,-104.7125,38.82,82,0,13.8
318,Dingle,PH,17-01-22 16:24,10.9995,122.6711,73.45,82,96,9.42
319,Sao Felix Do Xingu,BR,17-01-22 16:24,-6.6447,-51.995,87.15,61,14,1.34
320,Kyra,RU,17-01-22 16:24,49.5776,111.9753,1.71,97,100,1.28
321,Geraldton,AU,17-01-22 16:24,-28.7667,114.6,73.81,78,19,14.97
322,Guerrero Negro,MX,17-01-22 16:25,27.9769,-114.0611,63.61,79,5,9.64
323,Bereda,ES,17-01-22 16:25,43.2686,-7.5406,55.15,99,87,2.62
324,Verkhnetulomskiy,RU,17-01-22 16:25,68.6073,31.7962,23.13,89,100,15.01
325,Narsaq,GL,17-01-22 16:25,60.9167,-46.05,28.62,96,100,1.61
326,Bam,IR,17-01-22 16:25,29.106,58.357,62.96,45,0,1.79
327,Otukpo,NG,17-01-22 16:25,7.1913,8.1329,94.53,12,60,5.23
328,Zapolyarnyy,RU,17-01-22 16:25,69.4154,30.8136,22.28,79,100,31.29
329,Garowe,SO,17-01-22 16:25,8.4054,48.4845,79.43,32,99,11.61
330,Lodja,CD,17-01-22 16:25,-3.4833,23.4333,73.78,91,94,1.61
331,Terrace,CA,17-01-22 16:25,54.5163,-128.6035,40.91,81,40,12.66
332,Palmer,US,17-01-22 16:25,42.1584,-72.3287,43.9,84,75,8.99
333,Haines Junction,CA,17-01-22 16:25,60.7522,-137.5108,6.75,85,49,2.3
334,North Bend,US,17-01-22 16:20,43.4065,-124.2243,42.08,100,0,8.05
335,Margate,GB,17-01-22 16:25,51.3813,1.3862,46.89,82,0,1.01
336,Puerto Escondido,MX,17-01-22 16:25,15.85,-97.0667,81.43,78,0,6.91
337,Nome,US,17-01-22 16:22,64.5011,-165.4064,-2.13,66,100,17.27
338,Assare,BR,17-01-22 16:25,-6.8744,-39.875,92.17,35,8,7.76
339,Goure,NE,17-01-22 16:25,13.9835,10.2704,70.02,11,11,13
340,Yate,GB,17-01-22 16:25,51.5407,-2.4184,46.81,87,0,1.05
341,Gunjur,GM,17-01-22 16:25,13.2019,-16.7339,95.07,31,0,4.61
342,Port Pirie,AU,17-01-22 16:25,-33.1833,138.0167,66.29,61,100,9.01
343,Dunyapur,PK,17-01-22 16:25,29.7995,71.7196,59.02,24,6,4.7
344,Killybegs,IE,17-01-22 16:25,54.6333,-8.45,46.11,76,9,7.31
345,Cheney,US,17-01-22 16:20,47.4874,-117.5758,32.76,98,100,0
346,Kavaratti,IN,17-01-22 16:25,10.5669,72.642,80.6,71,87,12.91
347,College,US,17-01-22 16:25,64.8569,-147.8028,-5.03,82,20,0
348,Dolores,AR,17-01-22 16:24,-36.3132,-57.6792,63.23,86,100,19.08
349,Kenora,CA,17-01-22 16:25,49.8167,-94.4337,17.58,85,100,9.22
350,Dabakala,CI,17-01-22 16:25,8.3667,-4.4333,97.07,9,84,6.62
351,Half Moon Bay,US,17-01-22 16:25,37.4636,-122.4286,56.88,83,100,0
352,Christchurch,NZ,17-01-22 16:22,-43.5333,172.6333,62.94,83,100,1.01
353,Vostok,RU,17-01-22 16:25,46.4856,135.8833,-6.79,100,100,1.43
354,Anse-Bertrand,GP,17-01-22 16:25,16.4721,-61.5078,84.02,61,5,15.7
355,Havre-Saint-Pierre,CA,17-01-22 16:25,50.2334,-63.5986,25.39,79,100,8.05
356,Qandala,SO,17-01-22 16:25,11.472,49.8728,76.96,72,92,6.69
357,Wanganui,NZ,17-01-22 16:25,-39.9333,175.05,55.6,93,3,3
358,Bourail,NC,17-01-22 16:25,-21.5667,165.4833,74.71,80,2,3.27
359,Zhigansk,RU,17-01-22 16:25,66.7697,123.3711,-42.59,99,70,8.55
360,Cockburn Town,TC,17-01-22 16:25,21.4612,-71.1419,78.3,76,19,13.49
361,Westport,US,17-01-22 16:20,41.1415,-73.3579,42.85,80,0,1.99
362,Vuktyl,RU,17-01-22 16:25,63.8567,57.3094,-5.53,98,43,5.57
363,Saint-Augustin,CA,17-01-22 16:25,51.226,-58.6502,13.59,84,80,3.51
364,Yulara,AU,17-01-22 16:26,-25.2406,130.9889,67.84,94,100,5.75
365,Sur,OM,17-01-22 16:26,22.5667,59.5289,73.42,71,0,13.11
366,Camacha,PT,17-01-22 16:26,33.0833,-16.3333,62.02,77,40,17.27
367,Bintulu,MY,17-01-22 16:26,3.1667,113.0333,73.81,94,40,5.75
368,Sao Borja,BR,17-01-22 16:26,-28.6606,-56.0044,107.4,17,28,16.96
369,Sistranda,NO,17-01-22 16:26,63.7256,8.834,37.9,65,100,27.72
370,Viking,CA,17-01-22 16:26,53.1001,-111.7684,32.13,99,89,4.76
371,Honningsvag,NO,17-01-22 16:26,70.9821,25.9704,24.33,52,100,28.16
372,Provideniya,RU,17-01-22 16:26,64.3833,-173.3,-9.67,91,7,8.25
373,Ouesso,CG,17-01-22 16:26,1.6136,16.0517,86.67,44,92,6.82
374,Mistelbach,AT,17-01-22 16:26,48.57,16.5767,44.38,67,100,13
375,Luohe,CN,17-01-22 16:25,33.5717,114.0353,36.5,69,0,3.2
376,Mattru,SL,17-01-22 16:26,7.6244,-11.8332,96.73,29,26,4.59
377,Sechura,PE,17-01-22 16:26,-5.5569,-80.8222,78.4,62,75,6.6
378,Aquiraz,BR,17-01-22 16:26,-3.9014,-38.3911,90.21,69,44,13.31
379,Port Hueneme,US,17-01-22 16:26,34.1478,-119.1951,60.94,81,100,5.75
380,Thinadhoo,MV,17-01-22 16:26,0.5333,72.9333,83.21,75,100,15.61
381,Dunedin,NZ,17-01-22 16:24,-45.8742,170.5036,59.81,99,0,3
382,Jalu,LY,17-01-22 16:26,29.0331,21.5482,53.98,42,3,7.31
383,Panguna,PG,17-01-22 16:26,-6.3164,155.4848,68.58,94,54,1.14
384,Hudson Bay,CA,17-01-22 16:26,52.85,-102.3842,-3.87,98,100,6.78
385,Ishinomaki,JP,17-01-22 16:26,38.4167,141.3,29.48,81,70,7.7
386,Kuching,MY,17-01-22 16:26,1.55,110.3333,75.42,100,40,1.14
387,Malumfashi,NG,17-01-22 16:26,11.7853,7.6218,77.58,14,56,11.65
388,Manicore,BR,17-01-22 16:26,-5.8092,-61.3003,85.24,71,98,1.68
389,Taltal,CL,17-01-22 16:26,-25.4,-70.4833,70.61,73,13,9.69
390,Benjamin Aceval,PY,17-01-22 16:26,-24.9667,-57.5667,104.59,19,3,13.87
391,Chapais,CA,17-01-22 16:26,49.7834,-74.8492,2.98,81,100,4.76
392,Rongcheng,CN,17-01-22 16:26,30.634,117.8517,46.63,76,100,2.68
393,Inuvik,CA,17-01-22 16:26,68.3499,-133.7218,-21.14,72,20,4.61
394,Almaty,KZ,17-01-22 16:24,43.25,76.95,31.91,100,100,6.71
395,Kuchaman,IN,17-01-22 16:26,27.15,74.85,57.36,32,6,4.34
396,Novorozhdestvenskaya,RU,17-01-22 16:26,45.8619,39.9542,36.32,83,96,20.2
397,Coihaique,CL,17-01-22 16:26,-45.5752,-72.0662,57.15,38,20,6.91
398,Adeje,ES,17-01-22 16:26,28.1227,-16.726,68.52,69,100,7
399,Dalfsen,NL,17-01-22 16:26,52.5,6.25,48.18,93,64,10.94
400,Tabory,RU,17-01-22 16:26,58.5198,64.5495,9.12,89,35,9.53
401,Chifeng,CN,17-01-22 16:26,42.2683,118.9636,11.28,47,95,1.9
402,Havoysund,NO,17-01-22 16:26,70.9963,24.6622,25.68,65,100,21.56
403,Xining,CN,17-01-22 16:26,36.6167,101.7667,25.84,20,0,2.8
404,Petropavlovsk-Kamchatskiy,RU,17-01-22 16:26,53.0452,158.6483,12.79,52,75,13.42
405,Krasnovishersk,RU,17-01-22 16:26,60.4078,57.082,12.83,95,100,7.36
406,Areia Branca,BR,17-01-22 16:26,-4.9561,-37.1369,97,55,82,14.67
407,Razole,IN,17-01-22 16:26,16.4833,81.8333,75.49,85,6,3.56
408,Murray Bridge,AU,17-01-22 16:26,-35.1167,139.2667,62.49,67,100,13.47
409,Panzhihua,CN,17-01-22 16:26,26.5851,101.7128,47.43,83,99,1.54
410,Feijo,BR,17-01-22 16:26,-8.1642,-70.3536,88.7,52,100,3.89
411,Zaysan,KZ,17-01-22 16:26,47.4667,84.8667,23.27,83,100,3.24
412,Moree,AU,17-01-22 16:25,-29.4667,149.85,80.62,61,100,17.27
413,Talnakh,RU,17-01-22 16:27,69.4865,88.3972,15.21,93,100,11.86
414,Sakaiminato,JP,17-01-22 16:27,35.55,133.2333,33.78,93,75,6.91
415,Brae,GB,17-01-22 16:27,60.3964,-1.353,46.31,79,100,20.45
416,Zhigalovo,RU,17-01-22 16:27,54.8097,105.1578,-9.63,100,94,1.48
417,Mumford,GH,17-01-22 16:27,5.2618,-0.759,83.17,69,60,13.47
418,General Roca,AR,17-01-22 16:27,-39.0333,-67.5833,59.4,43,96,11.01
419,Rawson,AR,17-01-22 16:27,-43.3002,-65.1023,58.73,52,84,19.42
420,Alice Springs,AU,17-01-22 16:27,-23.7,133.8833,76.55,92,96,8.05
421,Pontes E Lacerda,BR,17-01-22 16:27,-15.2261,-59.3353,93.47,39,8,7.58
422,Verkh-Suetka,RU,17-01-22 16:27,53.3,80.05,8.82,95,66,8.05
423,Umm Kaddadah,SD,17-01-22 16:27,13.6017,26.6876,71.19,18,0,14.54
424,Kabansk,RU,17-01-22 16:24,52.0486,106.6528,-10.71,97,98,3.09
425,Monte Alegre De Sergipe,BR,17-01-22 16:27,-10.0272,-37.5622,93.04,35,16,10
426,Ucluelet,CA,17-01-22 16:27,48.9329,-125.5528,46.09,92,99,1.01
427,Meiganga,CM,17-01-22 16:27,6.5167,14.3,86.04,18,13,3.38
428,Oyama,JP,17-01-22 16:27,36.3,139.8,43.59,46,44,10.11
429,Opelousas,US,17-01-22 16:27,30.5335,-92.0815,52.81,46,0,3.44
430,Aykhal,RU,17-01-22 16:27,66,111.5,-6.59,96,100,16.84
431,Port Hardy,CA,17-01-22 16:27,50.6996,-127.4199,46.76,93,75,5.75
432,Camocim,BR,17-01-22 16:27,-2.9022,-40.8411,84.87,66,54,12.48
433,Kaitong,CN,17-01-22 16:27,44.8135,123.15,-13.5,99,9,4.05
434,Banjar,ID,17-01-22 16:27,-8.19,114.9675,76.91,91,100,2.19
435,Creutzwald,FR,17-01-22 16:27,49.2,6.6833,39.99,93,95,6.11
436,Manturovo,RU,17-01-22 16:27,58.3353,44.7619,22.03,95,100,10.25
437,Cartagena,CO,17-01-22 16:23,10.3997,-75.5144,87.42,66,20,14.97
438,Jiexiu,CN,17-01-22 16:27,37.0244,111.9125,30.7,23,6,5.68
439,Sinnamary,GF,17-01-22 16:27,5.3833,-52.95,81.55,67,62,10.63
440,Kaputa,ZM,17-01-22 16:27,-8.4689,29.6619,68.54,87,100,2.1
441,Piedras Negras,MX,17-01-22 16:27,28.7,-100.5167,57.65,20,1,7.52
442,Pratapgarh,IN,17-01-22 16:27,24.0333,74.7833,60.3,54,2,5.37
443,Vila Velha,BR,17-01-22 16:26,-20.3297,-40.2925,85.95,62,20,16.11
444,Darhan,MN,17-01-22 16:27,49.4867,105.9228,1.27,94,88,1.88
445,San Patricio,US,17-01-22 16:27,28.017,-97.5169,61.48,22,1,3.36
446,Sibolga,ID,17-01-22 16:27,1.7427,98.7792,77.02,89,100,3.51
447,Portlethen,GB,17-01-22 16:27,57.0547,-2.1307,44.78,65,17,8.05
448,Stokmarknes,NO,17-01-22 16:27,68.5646,14.9108,30.49,74,40,11.5
449,Ketchikan,US,17-01-22 16:27,55.3422,-131.6461,37.38,86,40,4.61
450,Nova Bana,SK,17-01-22 16:27,48.4231,18.6404,42.57,94,100,18.59
451,Icod De Los Vinos,ES,17-01-22 16:27,28.3724,-16.7119,68.97,86,86,3.02
452,Warrnambool,AU,17-01-22 16:27,-38.3833,142.4833,53.82,65,61,8.21
453,Blackwater,AU,17-01-22 16:27,-23.5833,148.8833,76.1,78,91,11.81
454,Mwense,ZM,17-01-22 16:27,-10.3845,28.698,69.21,91,100,2.17
455,Vangaindrano,MG,17-01-22 16:27,-23.35,47.6,76.03,84,33,8.48
456,Iranshahr,IR,17-01-22 16:27,27.2025,60.6848,68.34,60,40,6.91
457,West Bay,KY,17-01-22 16:27,19.3667,-81.4167,80.06,64,20,4
458,Port Macquarie,AU,17-01-22 16:27,-31.4333,152.9167,71.89,90,99,10.42
459,Grand Island,US,17-01-22 16:27,40.925,-98.342,37.29,73,100,4
460,Veshkayma,RU,17-01-22 16:28,54.05,47.1333,20.57,87,100,18.59
461,Katherine,AU,17-01-22 16:28,-14.4667,132.2667,79.12,83,89,1.14
462,Saint-Joseph,RE,17-01-22 16:28,-21.3667,55.6167,80.98,86,87,2.19
463,Japura,ID,17-01-22 16:28,-0.3167,102.35,73.42,98,92,1.61
464,Huarmey,PE,17-01-22 16:28,-10.0681,-78.1522,75.52,77,94,8.61
465,Lozovo,MK,17-01-22 16:28,41.7839,21.9056,29.59,77,57,4.41
466,Mangan,IN,17-01-22 16:28,27.5167,88.5333,52.47,42,85,6.76
467,San Vicente De Canete,PE,17-01-22 16:28,-13.0751,-76.3835,76.53,72,50,6.96
468,Nicoya,CR,17-01-22 16:28,10.1483,-85.452,89.15,40,0,12.82
469,Hede,CN,17-01-22 16:28,33.7681,120.2517,35.76,67,21,6.11
470,Vanavara,RU,17-01-22 16:28,60.34,102.2797,-9.72,100,93,2.82
471,Vanimo,PG,17-01-22 16:28,-2.6741,141.3028,76.98,94,100,10.13
472,Portales,US,17-01-22 16:28,34.1862,-103.3344,48.33,21,10,10.2
473,Olds,CA,17-01-22 16:28,51.7834,-114.102,31.91,74,44,13.8
474,Norden,DE,17-01-22 16:28,53.6,7.2,46.38,84,13,20.62
475,Iskateley,RU,17-01-22 16:28,67.6803,53.1512,2.53,88,100,13.11
476,Craig,US,17-01-22 16:28,40.5153,-107.5464,27.54,92,0,0
477,Nantucket,US,17-01-22 16:25,41.2835,-70.0995,50.02,91,100,28.81
478,Tambun,ID,17-01-22 16:28,-6.2641,107.0712,82.04,74,78,4.45
479,Antalaha,MG,17-01-22 16:28,-14.9003,50.2788,80.46,82,98,4.65
480,Alofi,NU,17-01-22 16:28,-19.0595,-169.9187,76.89,100,40,4.61
481,Dahegam,IN,17-01-22 16:28,23.1667,72.8167,65.97,47,4,7.29
482,Xanxere,BR,17-01-22 16:28,-26.8769,-52.4042,93.31,35,77,8.16
483,Elko,US,17-01-22 16:28,41.0002,-115.5012,17.62,84,100,3.18
484,Mbamba,NG,17-01-22 16:28,9.9833,13.1,84.83,16,73,6.64
485,Lata,PT,17-01-22 16:28,40.1629,-8.3327,62.92,45,12,3.83
486,Tshikapa,CD,17-01-22 16:28,-6.4167,20.8,74.75,92,99,4.45
487,Bayonet Point,US,17-01-22 16:28,28.3267,-82.6834,62.19,73,56,10
488,Ancud,CL,17-01-22 16:28,-41.8697,-73.8203,55.22,55,9,8.95
489,Quatre Cocos,MU,17-01-22 16:28,-20.2078,57.7625,82.51,77,45,5.75
490,Wukari,NG,17-01-22 16:28,7.85,9.7833,92.71,13,85,6.22
491,Maple Creek,CA,17-01-22 16:28,49.9168,-109.4848,46.81,80,97,5.75
492,Khovu-Aksy,RU,17-01-22 16:28,51.1333,93.6,7.59,83,86,4.52
493,Kazerun,IR,17-01-22 16:25,29.6195,51.6541,52.43,65,10,3.38
494,San Cristobal,VE,17-01-22 16:29,7.7669,-72.225,75.38,52,100,6.33
495,Aviles,ES,17-01-22 16:29,43.5547,-5.9248,52.77,67,20,10
496,Berbera,SO,17-01-22 16:29,10.4396,45.0143,77.34,72,96,9.55
497,Bundaberg,AU,17-01-22 16:29,-24.85,152.35,75.49,87,74,3.44
498,Ladozhskaya,RU,17-01-22 16:29,45.3081,39.935,36.66,76,33,19.71
499,Itarema,BR,17-01-22 16:30,-2.9248,-39.9167,86.94,61,50,16.84
500,Grenaa,DK,17-01-22 16:30,56.4158,10.8783,37.85,74,0,12.59
501,Necochea,AR,17-01-22 16:30,-38.5473,-58.7368,67.03,34,100,21.92
502,Kohtla-Jarve,EE,17-01-22 16:30,59.3986,27.2731,28.11,62,42,29.04
503,Kysyl-Syr,RU,17-01-22 16:30,63.8986,122.7617,-41.87,100,60,2.59
504,Annau,TM,17-01-22 16:30,37.8876,58.516,40.5,87,100,4.61
505,Hambantota,LK,17-01-22 16:30,6.1241,81.1185,77.74,79,39,16.26
506,Aranda De Duero,ES,17-01-22 16:30,41.6704,-3.6892,40.12,54,6,2.66
507,Port Hawkesbury,CA,17-01-22 16:30,45.6169,-61.3485,32.18,90,40,13
508,Prainha,BR,17-01-22 16:30,-1.8,-53.48,89.56,50,76,3.67
509,Ercis,TR,17-01-22 16:30,39.0287,43.3586,10,75,0,5.5
510,Araouane,ML,17-01-22 16:30,18.9048,-3.5265,75.67,9,2,12.59
511,Puerto Plata,DO,17-01-22 16:29,19.7934,-70.6884,84.45,47,3,4.23
512,Solano,US,17-01-22 16:30,38.2333,-121.9511,54.81,83,100,5.75
513,Baoro,CF,17-01-22 16:30,5.6667,15.9667,80.19,20,33,1.05
514,Wageningen,NL,17-01-22 16:30,51.9667,5.6667,47.93,89,100,13.8
515,Shitanjing,CN,17-01-22 16:30,39.2342,106.3439,21.11,35,1,2.71
516,Acandi,CO,17-01-22 16:30,8.5063,-77.2778,81.55,75,13,7.09
517,Altamont,US,17-01-22 16:30,42.2068,-121.7372,30.78,91,20,0
518,Zaozerne,UA,17-01-22 16:30,45.1582,33.2787,43.95,66,100,22.64
519,Williams Lake,CA,17-01-22 16:30,52.1415,-122.1445,36.97,97,75,1.01
520,San Felipe,VE,17-01-22 16:30,10.3399,-68.7425,84.61,59,85,7.18
521,Tamsalu,EE,17-01-22 16:30,59.1586,26.1153,25.79,64,34,17.98
522,Campbell River,CA,17-01-22 16:30,50.0163,-125.2446,41.72,98,100,4.23
523,Merrill,US,17-01-22 16:30,45.1805,-89.6835,23.77,72,100,4.61
